{
  "n_samples": 300,
  "score_mean": 68.02478093677179,
  "score_std": 8.370919396639938,
  "score_min": 39.6685747813913,
  "score_max": 92.11639404296875,
  "score_median": 67.65421327622273,
  "score_q25": 63.804195462983955,
  "score_q75": 73.727762082121,
  "score_iqr": 9.923566619137048,
  "n_outliers_low": 4,
  "n_outliers_high": 1,
  "pct_outliers": 1.6666666666666667
}