{
  "n_samples": 300,
  "score_mean": 71.50137079168984,
  "score_std": 9.207732375861722,
  "score_min": 34.564945605012575,
  "score_max": 90.10149725601104,
  "score_median": 72.16199914878364,
  "score_q25": 67.31696837026624,
  "score_q75": 74.96338059645173,
  "score_iqr": 7.64641222618549,
  "n_outliers_low": 14,
  "n_outliers_high": 18,
  "pct_outliers": 10.666666666666668
}